DateTime,사용자,세션,신규방문자,페이지뷰
2020-11-09,0.0,0.0,0.0,0.0
2020-11-10,0.0,0.0,0.0,0.0
2020-11-11,0.0,0.0,0.0,0.0
2020-11-12,0.0,0.0,0.0,0.0
2020-11-13,0.0,0.0,0.0,0.0
2020-11-14,0.0,0.0,0.0,0.0
2020-11-15,0.0,0.0,0.0,0.0
2020-11-16,0.0,0.0,0.0,0.0
2020-11-17,0.0,0.0,0.0,0.0
2020-11-18,0.0,0.0,0.0,0.0
2020-11-19,0.0,0.0,0.0,0.0
2020-11-20,0.0,0.0,0.0,0.0
2020-11-21,0.0,0.0,0.0,0.0
2020-11-22,0.0,0.0,0.0,0.0
2020-11-23,0.0,0.0,0.0,0.0
2020-11-24,0.0,0.0,0.0,0.0
2020-11-25,0.0,0.0,0.0,0.0
2020-11-26,0.0,0.0,0.0,0.0
2020-11-27,0.0,0.0,0.0,0.0
2020-11-28,0.0,0.0,0.0,0.0
2020-11-29,0.0,0.0,0.0,0.0
2020-11-30,0.0,0.0,0.0,0.0
2020-12-01,0.0,0.0,0.0,0.0
2020-12-02,0.0,0.0,0.0,0.0
2020-12-03,0.0,0.0,0.0,0.0
2020-12-04,0.0,0.0,0.0,0.0
2020-12-05,0.0,0.0,0.0,0.0
2020-12-06,0.0,0.0,0.0,0.0
2020-12-07,0.0,0.0,0.0,0.0
2020-12-08,0.0,0.0,0.0,0.0
2020-12-09,4487.411709373037,4410.168611086331,1162.633574092699,122149.72126896132
2020-12-10,3186.190370080384,3113.757740427155,731.0420997106837,78989.64404340813
2020-12-11,2854.469566403172,2787.364161794392,669.8819909965582,71700.61535529504
2020-12-12,2146.1928164510628,2101.3447976735038,498.8847278801564,53022.81837366024
2020-12-13,2102.0633328118947,2060.8024913645977,463.07299906393274,53551.448095210544
2020-12-14,3899.8365583876985,3839.512649678985,1008.9935621259082,107697.24806187359
2020-12-15,3469.3231395236735,3385.647115610317,813.6236310103648,92339.63937190402
2020-12-16,3340.8550686918707,3263.9916308241704,766.251524537526,88154.69058872497
2020-12-17,3236.214076106916,3181.929154121258,743.8093052188592,82705.974422566
2020-12-18,3406.0237506930603,3380.3229178841625,931.1123731091072,92318.49463273345
2020-12-19,2196.103371092871,2175.1703494808057,512.9171460023347,55607.16112215244
2020-12-20,2156.79437614449,2141.6923139627515,478.2046524401047,55685.62313490453
2020-12-21,3480.6579010810606,3427.120394568324,783.4934277752116,92657.46863847616
2020-12-22,3551.539703677756,3496.343361467376,835.0459709784116,94055.24705762809
2020-12-23,3427.4067990353165,3380.016170156562,787.8484548491864,89342.40497023801
2020-12-24,2776.1712158404966,2767.804971303159,603.8385934319052,68075.15615333036
2020-12-25,2195.6096061280555,2187.90101133392,451.9621374679516,58337.13140062575
2020-12-26,2293.195643937253,2301.7823505618967,532.714308197879,55219.72771733113
2020-12-27,2986.1781597493195,2992.829739452411,666.3240136098957,76856.16330757005
2020-12-28,4340.671998586505,4305.772108662111,975.499439646983,114252.40842544987
2020-12-29,3704.6695730163133,3671.4370888991016,858.8184381171219,93804.81540943948
2020-12-30,3595.668941642666,3566.833984920548,811.0680855162848,89085.9099828803
2020-12-31,3681.122811416365,3681.447905677359,794.5922869072821,89634.44556521623
2021-01-01,2386.575616086111,2389.481877201382,471.2493755897881,58055.391532351794
2021-01-02,2505.811901909729,2520.111617563313,552.8746154465738,55225.785760854626
2021-01-03,2497.9981836215084,2511.2346654108514,517.4269296789874,55478.31529592926
2021-01-04,3888.6249129483613,3853.814285453082,829.7436755143858,93801.6001907532
2021-01-05,3996.773270879171,3951.425580876462,882.3339615078837,95690.26433353398
2021-01-06,4421.218722495134,4395.1849914759605,1088.602659201976,109432.2332866
2021-01-07,3840.2923651302563,3807.321693818313,810.7193521112127,85958.30511128543
2021-01-08,3542.481751093668,3507.569879691688,748.7741963096075,78236.23920789726
